system	micro-p	micro-r	micro-f1	macro-p	macro-r	macro-f1	micro-p-loo	micro-r-loo	micro-f1-loo	macro-p-loo	macro-r-loo	macro-f1-loo	micro-p-lto	micro-r-lto	micro-f1-lto	macro-p-lto	macro-r-lto	macro-f1-lto	micro-nd-p	micro-nd-r	micro-nd-f1	macro-nd-p	macro-nd-r	macro-nd-f1	micro-nd-p-loo	micro-nd-r-loo	micro-nd-f1-loo	macro-nd-p-loo	macro-nd-r-loo	macro-nd-f1-loo	micro-nd-p-lto	micro-nd-r-lto	micro-nd-f1-lto	macro-nd-p-lto	macro-nd-r-lto	macro-nd-f1-lto
SF_MSIIPL_THU2	0.25796178343949044	0.09080717488789238	0.13432835820895522	0.10894433291909625	0.12119058546039427	0.09907015446271834	0.25477707006369427	0.08968609865470852	0.13266998341625205	0.10578975878660417	0.12013906074956363	0.0974928673964722	0.1337579617834395	0.0472972972972973	0.06988352745424294	0.06098979884468846	0.06849643521567814	0.05791541579061968	0.2696245733788396	0.08856502242152467	0.13333333333333336	0.10743737510299017	0.12007720635480885	0.09900733529030939	0.2696245733788396	0.08856502242152467	0.13333333333333336	0.10743737510299017	0.12007720635480885	0.09900733529030939	0.22866894197952217	0.07545045045045046	0.11346316680779002	0.09200249452615378	0.10373870783965426	0.08516295471838436
SF_UWashington4	0.4056603773584906	0.04820627802690583	0.08617234468937876	0.062486855941114625	0.05509249724317453	0.056165621970038396	0.27358490566037735	0.032511210762331835	0.05811623246492986	0.038827549947423774	0.03531047620860203	0.03516080134376664	0.09433962264150944	0.011299435028248588	0.020181634712411703	0.012828601472134594	0.012765625541650776	0.012671100368261249	0.41509433962264153	0.04932735426008968	0.08817635270541083	0.06261829652996855	0.05515435163792933	0.05624974394690487	0.41509433962264153	0.04932735426008968	0.08817635270541083	0.06261829652996855	0.05515435163792933	0.05624974394690487	0.39622641509433965	0.04745762711864407	0.08476286579212916	0.06235541535226082	0.05503064284841977	0.056081499993171906
KB_NYU2	0.5394321766561514	0.19170403587443946	0.2828784119106699	0.2427857893946221	0.21331270440701458	0.20815808828378096	0.5394321766561514	0.19170403587443946	0.2828784119106699	0.2427857893946221	0.21331270440701458	0.20815808828378096	0.06309148264984227	0.022650056625141562	0.03333333333333333	0.037210204796955616	0.03200390566321166	0.030738276795059135	0.5392156862745098	0.18497757847533633	0.2754590984974958	0.23605603124530578	0.20589569975026217	0.2027415310672611	0.5392156862745098	0.18497757847533633	0.2754590984974958	0.23605603124530578	0.20589569975026217	0.2027415310672611	0.4738562091503268	0.16421291053227632	0.2439024390243902	0.21910770617395217	0.19226261652866522	0.1895268347832808
SF_StaRAI20151	0.09226190476190477	0.034753363228699555	0.05048859934853421	0.04338007949723387	0.06348580441640378	0.04313595475903403	0.08333333333333333	0.03139013452914798	0.04560260586319219	0.03391635709975749	0.05402208201892745	0.0336722323615577	0.002976190476190476	0.0011273957158962795	0.0016353229762878167	0.00035050823694356793	0.0031545741324921126	0.0006309148264984224	0.2052980132450331	0.034753363228699555	0.05944391179290509	0.053301150304304885	0.06348580441640378	0.05074137219247628	0.2052980132450331	0.034753363228699555	0.05944391179290509	0.053301150304304885	0.06348580441640378	0.05074137219247628	0.17880794701986755	0.030439684329199548	0.05202312138728324	0.04725488321702836	0.06214511041009459	0.04770628950439678
SF_CMUML1	0.5882352941176471	0.011210762331838564	0.022002200220022	0.02523659305993691	0.012942630450516883	0.015820054463587585	0.5882352941176471	0.011210762331838564	0.022002200220022	0.02523659305993691	0.012942630450516883	0.015820054463587585	0.17647058823529413	0.003367003367003367	0.0066079295154185015	0.0063091482649842235	0.0019528316058284513	0.0029793200140203276	0.6428571428571429	0.010089686098654708	0.01986754966887417	0.023659305993690868	0.011891105739686185	0.01428321065545041	0.6428571428571429	0.010089686098654708	0.01986754966887417	0.023659305993690868	0.011891105739686185	0.01428321065545041	0.5714285714285714	0.008978675645342313	0.017679558011049725	0.020504731861198753	0.010313818673440125	0.012180161233788999
SF_UGENT_IBCN3	0.3251366120218579	0.26681614349775784	0.29310344827586204	0.335278808670806	0.3282462709798854	0.30163558817683206	0.3251366120218579	0.26681614349775784	0.29310344827586204	0.335278808670806	0.3282462709798854	0.30163558817683206	0.1407103825136612	0.11784897025171624	0.1282689912826899	0.16892495793541784	0.16833753767811654	0.15216275515212924	0.3304964539007092	0.26121076233183854	0.2917971195992486	0.34474828840427363	0.3291221205423869	0.30810309681518566	0.3304964539007092	0.26121076233183854	0.2917971195992486	0.34474828840427363	0.3291221205423869	0.30810309681518566	0.3078014184397163	0.24715261958997722	0.27416298168035375	0.3239022722071035	0.31584242814844077	0.2924289142170876
SF_Stanford3	0.4005037783375315	0.35650224215246634	0.37722419928825623	0.372009045563728	0.38276583628152605	0.35442576803222275	0.33123425692695213	0.2948430493273543	0.3119810201660736	0.29368181395715537	0.30785318482686913	0.27984721881008234	0.22040302267002518	0.2	0.2097064110245656	0.1966156051412568	0.20624452625952994	0.1881248332476462	0.40229885057471265	0.3531390134529148	0.3761194029850746	0.37753500272032153	0.3809387333108901	0.35626049978961655	0.3933588761174968	0.3452914798206278	0.36776119402985075	0.3732670494822441	0.3767326344675673	0.35202435738312715	0.37547892720306514	0.3356164383561644	0.3544303797468354	0.3640166704884306	0.37238365394538797	0.34536530178342817
KB_NYU3	0.5699300699300699	0.1827354260089686	0.27674023769100164	0.23598968504331286	0.20137653332257827	0.2019402686175138	0.5629370629370629	0.1804932735426009	0.27334465195246177	0.22968053677832864	0.19506738505759413	0.19563112035252964	0.05944055944055944	0.01925254813137033	0.0290846877673225	0.03199639477242003	0.0249061138651044	0.024515162370051954	0.5667870036101083	0.17600896860986548	0.2686056458511548	0.22945270642431537	0.19395952866582614	0.19665207935270562	0.5667870036101083	0.17600896860986548	0.2686056458511548	0.22945270642431537	0.19395952866582614	0.19665207935270562	0.49458483754512633	0.1551528878822197	0.23620689655172414	0.2123917179910871	0.18026271667387594	0.18337091672348435
SF_MSIIPL_THU1	0.2564102564102564	0.10089686098654709	0.14481094127111827	0.11195207650023015	0.12816385459537674	0.10354846438730764	0.23931623931623933	0.09427609427609428	0.1352657004830918	0.10764583244635206	0.12487092194830172	0.10058809076447338	0.13105413105413105	0.0518018018018018	0.07425343018563357	0.06535362639463593	0.07322829641441629	0.06235435224848359	0.2674772036474164	0.09865470852017937	0.14414414414414412	0.110109081244728	0.1270504754897914	0.10332092107077215	0.2613981762917933	0.09652076318742986	0.14098360655737704	0.10940806477084083	0.12533482990896241	0.10237596981036351	0.22492401215805471	0.08333333333333333	0.12161051766639276	0.09660199597108116	0.10899633139380771	0.08984599512697694
SF_CIS2	0.3007518796992481	0.26905829596412556	0.28402366863905326	0.3096343034680857	0.3567724506445928	0.29910793011137393	0.3007518796992481	0.26905829596412556	0.28402366863905326	0.3096343034680857	0.3567724506445928	0.29910793011137393	0.040100250626566414	0.0378698224852071	0.038953134510042606	0.04205100892798054	0.054967202443543126	0.044059517533260345	0.3096179183135705	0.26345291479820626	0.2846759539672925	0.32679191802317636	0.3525319268851416	0.3085568630457696	0.3096179183135705	0.26345291479820626	0.2846759539672925	0.32679191802317636	0.3525319268851416	0.3085568630457696	0.2608695652173913	0.23349056603773585	0.2464219041692595	0.2884436096267193	0.3268757251842922	0.2778579562806877
KB_UMass_IESL1	0.27153284671532846	0.2085201793721973	0.23589093214965123	0.23362954374389702	0.2285225801033465	0.20715908427895724	0.27153284671532846	0.2085201793721973	0.23589093214965123	0.23362954374389702	0.2285225801033465	0.20715908427895724	0.030656934306569343	0.02402745995423341	0.026940346375881972	0.0252202516200939	0.02216839417154875	0.019305203332453783	0.2674591381872214	0.20179372197309417	0.23003194888178916	0.2356797462672857	0.22024882179015587	0.20344988352530957	0.2674591381872214	0.20179372197309417	0.23003194888178916	0.2356797462672857	0.22024882179015587	0.20344988352530957	0.2288261515601783	0.17559863169897377	0.19870967741935483	0.20485072892407286	0.1901199109736427	0.1763145586686016
SF_CIS1	0.47619047619047616	0.13452914798206278	0.20979020979020976	0.2387483967136964	0.2112285146702233	0.2016226500453631	0.47619047619047616	0.13452914798206278	0.20979020979020976	0.2387483967136964	0.2112285146702233	0.2016226500453631	0.06349206349206349	0.01893491124260355	0.02917046490428441	0.03015622652846627	0.024710830704521562	0.024803578825660862	0.5173913043478261	0.13340807174887892	0.2121212121212121	0.2545250228215527	0.20813982554467556	0.2099791988593251	0.5173913043478261	0.13340807174887892	0.2121212121212121	0.2545250228215527	0.20813982554467556	0.2099791988593251	0.46956521739130436	0.12735849056603774	0.20037105751391468	0.23751863278677152	0.19529806257350665	0.19602332648073978
SF_Stanford1	0.5280172413793104	0.27466367713004486	0.3613569321533923	0.33683159699517273	0.30576109296809856	0.2944431395824441	0.5237068965517241	0.27242152466367714	0.3584070796460177	0.33353986746561587	0.30240935795232554	0.2911267924175169	0.39439655172413796	0.20914285714285713	0.2733383121732636	0.24806390500884054	0.22946307952540174	0.22110662329614883	0.5251641137855579	0.26905829596412556	0.35581912527798365	0.33692657166496576	0.3024224232256433	0.2934146305561621	0.5251641137855579	0.26905829596412556	0.35581912527798365	0.33692657166496576	0.3024224232256433	0.2934146305561621	0.5142231947483589	0.2682648401826484	0.35258814703675917	0.33373169309561657	0.30229861331850266	0.29229000810279243
KB_BBN2	0.5222602739726028	0.3419282511210762	0.41327913279132794	0.38810457856199193	0.35751416563695	0.3426665065634799	0.5222602739726028	0.3419282511210762	0.41327913279132794	0.38810457856199193	0.35751416563695	0.3426665065634799	0.1267123287671233	0.08778173190984578	0.10371408549404344	0.11144081995817011	0.10701591083294554	0.1034122489256177	0.5164075993091537	0.3352017937219731	0.4065261726716519	0.3829921655631437	0.3487007829566624	0.3359927685573981	0.5164075993091537	0.3352017937219731	0.4065261726716519	0.3829921655631437	0.3487007829566624	0.3359927685573981	0.44905008635578586	0.3073286052009456	0.3649122807017544	0.3484247350966594	0.3254524139358992	0.3102334064207264
SF_StaRAI20154	0.07657657657657657	0.01905829596412556	0.030520646319569116	0.025475838567321225	0.03496319663512093	0.026959545886990698	0.06756756756756757	0.016835016835016835	0.026954177897574122	0.023973660408991633	0.03304791948325072	0.025742326373241205	0.0	0.0	0.0	0.0	0.0	0.0	0.11464968152866242	0.020179372197309416	0.03431839847473784	0.03286014721345953	0.03811777076761305	0.03401477597061194	0.10828025477707007	0.019079685746352413	0.03244274809160305	0.03180862250262885	0.037779780681988874	0.03349857293074959	0.09554140127388536	0.016910935738444193	0.028735632183908046	0.027602523659305992	0.03417455310199789	0.029713083971759046
KB_ICTCAS_OKN1	0.4074074074074074	0.01233183856502242	0.023939064200217627	0.028391167192429016	0.014781433077963048	0.018451755044814975	0.37037037037037035	0.011210762331838564	0.02176278563656148	0.026813880126182972	0.014330779630464183	0.017750738570927842	0.037037037037037035	0.0011210762331838565	0.0021762785636561476	0.0031545741324921117	0.0010515247108307054	0.0015772870662460559	0.4444444444444444	0.013452914798206279	0.02611534276387378	0.029179810725552043	0.015068212544553247	0.01887236492914725	0.4444444444444444	0.013452914798206279	0.02611534276387378	0.029179810725552043	0.015068212544553247	0.01887236492914725	0.37037037037037035	0.011210762331838564	0.02176278563656148	0.02602523659305993	0.013806382891556402	0.01706975113915176
KB_ICTCAS_OKN2	1.0	0.0033632286995515697	0.00670391061452514	0.009463722397476334	0.004656752290821693	0.005520504731861208	0.6666666666666666	0.002242152466367713	0.004469273743016759	0.006309148264984227	0.004206098843322823	0.004731861198738177	0.0	0.0	0.0	0.0	0.0	0.0	0.6666666666666666	0.002242152466367713	0.004469273743016759	0.006309148264984227	0.004206098843322823	0.004731861198738177	0.6666666666666666	0.002242152466367713	0.004469273743016759	0.006309148264984227	0.004206098843322823	0.004731861198738177	0.6666666666666666	0.002242152466367713	0.004469273743016759	0.006309148264984227	0.004206098843322823	0.004731861198738177
SF_CIS4	0.29570552147239265	0.2701793721973094	0.2823667252489748	0.3113023515083735	0.3599270247770844	0.3009591331783378	0.294478527607362	0.26905829596412556	0.2811950790861161	0.3097250644421273	0.3567724506445928	0.2988560837566767	0.0392638036809816	0.0378698224852071	0.03855421686746988	0.04177079492536903	0.054967202443543126	0.043713838432952234	0.30609597924773024	0.2645739910313901	0.2838244137101623	0.3274692025332688	0.3556865010176338	0.3099675063524644	0.30479896238651105	0.26345291479820626	0.28262176788935656	0.32589191546702256	0.3525319268851416	0.3078644569308029	0.25810635538262	0.2346698113207547	0.2458307597282273	0.2882794467653952	0.3275066400107905	0.2777977255613036
SF_UWashington2	0.6172839506172839	0.05605381165919283	0.10277492291880781	0.11198738170347	0.07117771277402013	0.07743576516863823	0.6172839506172839	0.05605381165919283	0.10277492291880781	0.11198738170347	0.07117771277402013	0.07743576516863823	0.3333333333333333	0.030508474576271188	0.05590062111801242	0.05993690851735014	0.04395748835811926	0.045282775408958365	0.6233766233766234	0.053811659192825115	0.09907120743034055	0.11093585699263941	0.068128291112611	0.07554302068914295	0.6233766233766234	0.053811659192825115	0.09907120743034055	0.11093585699263941	0.068128291112611	0.07554302068914295	0.5974025974025974	0.0519774011299435	0.09563409563409563	0.10620399579390119	0.06681388522407261	0.07359018908331455
SF_Stanford2	0.5895765472312704	0.20291479820627803	0.30191826522101756	0.30489584898102257	0.2414922121661479	0.24573985320626815	0.5830618892508144	0.2006726457399103	0.29858215179316094	0.3009526313154074	0.23805085856706573	0.24216466918944382	0.3941368078175896	0.1382857142857143	0.20473773265651438	0.216615342246257	0.16850535619738968	0.1741759369286203	0.5907590759075908	0.2006726457399103	0.29958158995815903	0.30709028090731594	0.24180998062271822	0.24738958797903132	0.5907590759075908	0.2006726457399103	0.29958158995815903	0.30709028090731594	0.24180998062271822	0.24738958797903132	0.5742574257425742	0.19863013698630136	0.2951653944020356	0.30199539332031455	0.24156667927116512	0.2454058644379085
SF_UMass_IESL3	0.20118343195266272	0.22869955156950672	0.2140608604407135	0.21024437838070076	0.2601627705804953	0.20345206397377644	0.1863905325443787	0.21235955056179776	0.1985294117647059	0.1973652988570921	0.2475691962117025	0.19210484405075418	0.03451676528599606	0.04004576659038902	0.03707627118644068	0.040220694934939315	0.05335549331571824	0.039859510525298514	0.25	0.22869955156950672	0.2388758782201405	0.26440197987382597	0.2644466844615051	0.2375815979208906	0.24632352941176472	0.2258426966292135	0.23563892145369283	0.26381757479415247	0.26408954302957854	0.23712385419833537	0.22426470588235295	0.20866590649942987	0.21618428824571767	0.2458079030778566	0.24833593310482607	0.22329099472002437
KB_ICTCAS_OKN3	0.4666666666666667	0.023542600896860985	0.044823906083244394	0.04876445846477392	0.03451032141835046	0.03357483736032632	0.24444444444444444	0.01233183856502242	0.023479188900747065	0.02786540483701369	0.017485353762956287	0.01932802563717391	0.022222222222222223	0.0011210762331838565	0.0021344717182497333	0.0031545741324921117	0.0010515247108307054	0.0015772870662460559	0.4772727272727273	0.023542600896860985	0.04487179487179487	0.04645485954634223	0.03164252675244854	0.030928500171402404	0.4318181818181818	0.021300448430493273	0.0405982905982906	0.04172299834760401	0.025333378487464316	0.025670876617248865	0.38636363636363635	0.01905829596412556	0.03632478632478633	0.0385684242151119	0.024071548834467472	0.02386826282725337
KB_BBN4	0.3858751279426817	0.4226457399103139	0.40342429106474054	0.37771997739335716	0.3841335911112554	0.3520410601074069	0.3265097236438076	0.36291240045506257	0.34375	0.3494568128885178	0.35404959888151105	0.32359179375689173	0.09211873080859775	0.10676156583629894	0.0989010989010989	0.103316431622728	0.11016035489221605	0.10042176820980553	0.3820803295571576	0.41591928251121074	0.3982823403113258	0.3717060589081345	0.3749314093782236	0.34501643065839327	0.364572605561277	0.40273037542662116	0.3827027027027027	0.37023826257065867	0.373527708570982	0.34353112968470484	0.31513903192584963	0.3617021276595745	0.3368189323059989	0.33889327811854747	0.3488442020753214	0.31727060929959044
SF_CMUML2	0.47619047619047616	0.011210762331838564	0.02190580503833516	0.02313354363827551	0.012942630450516883	0.01473386410294927	0.47619047619047616	0.011210762331838564	0.02190580503833516	0.02313354363827551	0.012942630450516883	0.01473386410294927	0.14285714285714285	0.003367003367003367	0.006578947368421052	0.0063091482649842235	0.0019528316058284513	0.0029793200140203276	0.7142857142857143	0.011210762331838564	0.022075055187637967	0.028391167192429026	0.015045679872178287	0.017648089730108646	0.7142857142857143	0.011210762331838564	0.022075055187637967	0.028391167192429026	0.015045679872178287	0.017648089730108646	0.6428571428571429	0.010101010101010102	0.019889502762430945	0.025236593059936904	0.013468392805932232	0.015545040308447234
KB_NYU1	0.42685851318944845	0.19955156950672645	0.2719633307868602	0.24611522835219293	0.22639956136564726	0.21063020162784796	0.42685851318944845	0.19955156950672645	0.2719633307868602	0.24611522835219293	0.22639956136564726	0.21063020162784796	0.05275779376498801	0.02491506228765572	0.033846153846153845	0.04201216764308246	0.03339342045966651	0.03407602562176695	0.4282178217821782	0.19394618834080718	0.26697530864197533	0.23985949979176927	0.21809490597897294	0.20464025634514035	0.4282178217821782	0.19394618834080718	0.26697530864197533	0.23985949979176927	0.21809490597897294	0.20464025634514035	0.3787128712871287	0.17327293318233294	0.23776223776223773	0.22439924202310543	0.20182766900984336	0.190412555584244
KB_Stanford1	0.5964912280701754	0.1905829596412556	0.2888700084961767	0.29425667217465323	0.23948461030119836	0.24254417202182102	0.5719298245614035	0.1827354260089686	0.2769753610875106	0.2835536527965551	0.23163869424923866	0.2337841623154388	0.26666666666666666	0.08685714285714285	0.1310344827586207	0.1378486305142456	0.11498828090697726	0.11273925392682098	0.6079136690647482	0.18946188340807174	0.2888888888888889	0.2945470932852634	0.2403520394020658	0.24439448609610992	0.6079136690647482	0.18946188340807174	0.2888888888888889	0.2945470932852634	0.2403520394020658	0.24439448609610992	0.5719424460431655	0.1815068493150685	0.27556325823223576	0.2812603274748383	0.23060620938394594	0.23317346911799489
SF_StaRAI20155	0.08284023668639054	0.01569506726457399	0.02639019792648445	0.024109959441189727	0.03141430073606731	0.025220415756693367	0.08284023668639054	0.01569506726457399	0.02639019792648445	0.024109959441189727	0.03141430073606731	0.025220415756693367	0.0	0.0	0.0	0.0	0.0	0.0	0.12096774193548387	0.016816143497757848	0.029527559055118113	0.03220294426919034	0.034568874868559425	0.03232004588471468	0.12096774193548387	0.016816143497757848	0.029527559055118113	0.03220294426919034	0.034568874868559425	0.03232004588471468	0.10483870967741936	0.014656144306651634	0.025717111770524236	0.02747108307045216	0.031019978969505774	0.028534556925724108
KB_NYU4	0.4258373205741627	0.19955156950672645	0.2717557251908397	0.24611522835219293	0.22639956136564726	0.21063020162784796	0.4258373205741627	0.19955156950672645	0.2717557251908397	0.24611522835219293	0.22639956136564726	0.21063020162784796	0.05263157894736842	0.02491506228765572	0.033820138355111454	0.04201216764308246	0.03339342045966651	0.03407602562176695	0.42962962962962964	0.19506726457399104	0.2683114880493447	0.240310153239268	0.2187258208054714	0.20516601870055565	0.42962962962962964	0.19506726457399104	0.2683114880493447	0.240310153239268	0.2187258208054714	0.20516601870055565	0.3802469135802469	0.17440543601359004	0.23913043478260873	0.22484989547060433	0.20245858383634155	0.19093831793965946
SF_CIS3	0.2916666666666667	0.2982062780269058	0.29490022172949004	0.31928409390096596	0.37686294826290057	0.3127818508886506	0.22149122807017543	0.229806598407281	0.22557230597431602	0.25979934541448724	0.31076994288018683	0.26030928271576764	0.03728070175438596	0.040236686390532544	0.03870233352305065	0.04200124271102189	0.05465174503029392	0.04321956296812488	0.2953249714937286	0.29035874439461884	0.2928208027133974	0.33432977377314393	0.3746444188953175	0.3222189816731009	0.2748004561003421	0.27417519908987487	0.2744874715261959	0.3267361971045702	0.3684339983443419	0.31590695813218783	0.24629418472063855	0.25471698113207547	0.25043478260869567	0.3006171881779899	0.3503586899568969	0.2931820436070101
KB_UMass_IESL4	0.2646566164154104	0.17713004484304934	0.2122229684351914	0.2121262928902485	0.2158554864703967	0.19182183669330766	0.2646566164154104	0.17713004484304934	0.2122229684351914	0.2121262928902485	0.2158554864703967	0.19182183669330766	0.03685092127303183	0.02517162471395881	0.02991162474507138	0.019109771091666575	0.019224046195655032	0.015745624240969473	0.26791808873720135	0.17600896860986548	0.2124492557510149	0.22036672124108697	0.21230420074245462	0.19400686134424044	0.26791808873720135	0.17600896860986548	0.2124492557510149	0.22036672124108697	0.21230420074245462	0.19400686134424044	0.23208191126279865	0.15507411630558723	0.18591934381408068	0.19290855177221924	0.1831139838079901	0.16815534985408329
KB_BBN1	0.4868421052631579	0.37331838565022424	0.4225888324873096	0.3851236384048825	0.3669141579089721	0.3460237375668064	0.4868421052631579	0.37331838565022424	0.4225888324873096	0.3851236384048825	0.3669141579089721	0.3460237375668064	0.1154970760233918	0.0937129300118624	0.10347085789129011	0.11041141376458011	0.11037559006013263	0.10497354616706624	0.48159057437407954	0.3665919282511211	0.4162953532781668	0.3791266051110499	0.35793690124777605	0.3390619324635961	0.48159057437407954	0.3665919282511211	0.4162953532781668	0.3791266051110499	0.35793690124777605	0.3390619324635961	0.40942562592047127	0.32860520094562645	0.36459016393442617	0.34446203863015556	0.3332128842752336	0.311848175837657
SF_UWashington3	0.5304347826086957	0.06838565022421525	0.1211519364448858	0.07385390634601995	0.05861562539676333	0.061090509391109805	0.5043478260869565	0.06502242152466367	0.11519364448857992	0.06936102803610694	0.05658216216920111	0.05831214058038111	0.034782608695652174	0.004519774011299435	0.008	0.004731861198738169	0.004492451554754396	0.004502437625466015	0.5454545454545454	0.06726457399103139	0.11976047904191617	0.07969737938192195	0.05923823871238684	0.06440281223022654	0.5363636363636364	0.06614349775784753	0.11776447105788422	0.07654280524942994	0.057660951646140796	0.062299762808565105	0.4	0.04971751412429379	0.08844221105527637	0.060093954415720977	0.04134401273248927	0.04639137479032367
SF_BUPT_PRIS1	0.2768115942028985	0.2141255605381166	0.24146649810366624	0.23465604672229273	0.28751587438398296	0.23052832060554396	0.27391304347826084	0.21188340807174888	0.23893805309734514	0.2283468984573084	0.2827840131852447	0.22527069705139047	0.013043478260869565	0.010344827586206896	0.011538461538461537	0.0078113264233138	0.01301117389445466	0.008495406574827617	0.28699551569506726	0.21524663677130046	0.24599615631005767	0.24491785816706968	0.2970959646775882	0.24107066424005602	0.28550074738415543	0.2141255605381166	0.2447149263292761	0.24176328403457756	0.29394139054509594	0.237916090107564	0.24813153961136025	0.19080459770114944	0.2157244964262508	0.20188045393092724	0.26379005747578166	0.20414910350146065
SF_UMass_IESL1	0.31596091205211724	0.21748878923766815	0.25763612217795484	0.23632083803497797	0.248368674395254	0.21737682025002195	0.3127035830618892	0.21524663677130046	0.25498007968127495	0.23523926976098042	0.2466862348579247	0.21606241436148327	0.04560260586319218	0.032036613272311214	0.03763440860215054	0.034279000879947244	0.038108385008673036	0.03322560632203454	0.37450980392156863	0.2141255605381166	0.2724679029957204	0.2769681762537582	0.24503560615218373	0.23858298898746275	0.37450980392156863	0.2141255605381166	0.2724679029957204	0.2769681762537582	0.24503560615218373	0.23858298898746275	0.32745098039215687	0.1904218928164196	0.24080749819754868	0.24818959416287312	0.2221636660098462	0.2158411023070325
SF_CIS5	0.19102990033222592	0.257847533632287	0.2194656488549618	0.2690560715821457	0.32945598701524537	0.2625660872769638	0.16279069767441862	0.2214689265536723	0.18764959310674967	0.25367000145370366	0.3037164260642155	0.24720921624659428	0.02408637873754153	0.03431952662721893	0.028306490971205467	0.03498592189443925	0.0510990936858445	0.036001133461701286	0.1951848667239897	0.25448430493273544	0.22092457420924572	0.28437366846422907	0.32491797641859643	0.2726346667888953	0.18486672398968185	0.24293785310734464	0.2099609375	0.28151613182985324	0.32002149484936065	0.2697286170455758	0.15993121238177127	0.21933962264150944	0.1849825957235206	0.25343060218986563	0.3000525702459953	0.24545652514474123
SF_UTAustin1	0.5348101265822784	0.18946188340807174	0.2798013245033113	0.2655613139051627	0.2068096611265078	0.21242347432051595	0.5348101265822784	0.18946188340807174	0.2798013245033113	0.2655613139051627	0.2068096611265078	0.21242347432051595	0.5348101265822784	0.18946188340807174	0.2798013245033113	0.2655613139051627	0.2068096611265078	0.21242347432051595	0.5222929936305732	0.18385650224215247	0.2719734660033168	0.2615630163737415	0.20347099138405253	0.20951069464024696	0.5222929936305732	0.18385650224215247	0.2719734660033168	0.2615630163737415	0.20347099138405253	0.20951069464024696	0.5222929936305732	0.18385650224215247	0.2719734660033168	0.2615630163737415	0.20347099138405253	0.20951069464024696
SF_UMass_IESL4	0.3432203389830508	0.18161434977578475	0.23753665689149558	0.2423872044534502	0.23968869923958736	0.21499782960138963	0.3050847457627119	0.16179775280898875	0.21145374449339208	0.21735955071917207	0.21498409259491763	0.1921173057055175	0.059322033898305086	0.032036613272311214	0.041604754829123326	0.04226890354650608	0.044387489710490675	0.036313526623697544	0.4134366925064599	0.17937219730941703	0.2501954652071931	0.28261307843741834	0.23931691014540085	0.2359720649982113	0.40568475452196384	0.17640449438202246	0.24588880187940487	0.28058513792367346	0.23725141517769763	0.23441615508267993	0.3669250645994832	0.1619156214367161	0.22468354430379747	0.2560462670872765	0.21989553977621437	0.21596876372686763
SF_StaRAI20152	0.07425742574257425	0.016816143497757848	0.027422303473491772	0.021889239397125834	0.018138801261829665	0.01626365222579733	0.04950495049504951	0.011210762331838564	0.018281535648994516	0.01447599018576936	0.013801261829653	0.011617299629917926	0.0	0.0	0.0	0.0	0.0	0.0	0.11510791366906475	0.017937219730941704	0.031037827352085358	0.03154574132492118	0.023396424815983172	0.024185068349106206	0.11510791366906475	0.017937219730941704	0.031037827352085358	0.03154574132492118	0.023396424815983172	0.024185068349106206	0.09352517985611511	0.014656144306651634	0.0253411306042885	0.02733964248159833	0.020872765509989486	0.02151119122727954
KB_Stanford2	0.3710462287104623	0.3419282511210762	0.3558926487747958	0.33316236963956936	0.36648937207110044	0.3233893641470335	0.2846715328467153	0.26292134831460673	0.2733644859813084	0.26573882998873466	0.2990430189732376	0.26110812732626304	0.16180048661800486	0.152	0.1567472009428403	0.15740190700758527	0.17765803547708214	0.15335084312504216	0.37530864197530867	0.34080717488789236	0.3572267920094007	0.34195462821843003	0.3682529870050625	0.3294050232438223	0.36666666666666664	0.33370786516853934	0.34941176470588237	0.3407831927949609	0.36717975899782623	0.32827771296824726	0.3395061728395062	0.3139269406392694	0.32621589561091335	0.3250097902781691	0.3526434232544267	0.31364784189005546
SF_BUPT_PRIS5	0.1553398058252427	0.10762331838565023	0.1271523178807947	0.11294126483400936	0.1543025244576771	0.11445179060335459	0.15372168284789645	0.10650224215246637	0.12582781456953643	0.11215262130088624	0.151147950325185	0.1131899609503577	0.0016181229773462784	0.0011494252873563218	0.0013440860215053765	0.0006309148264984225	0.003154574132492111	0.0010515247108307051	0.17218543046357615	0.11659192825112108	0.13903743315508021	0.1265059336037254	0.16981251394243	0.12771927430329807	0.17218543046357615	0.11659192825112108	0.13903743315508021	0.1265059336037254	0.16981251394243	0.12771927430329807	0.13410596026490065	0.09310344827586207	0.10990502035278155	0.10034550097641581	0.1482025959700389	0.10728985316107235
KB_hltcoe1	0.48423423423423423	0.24103139013452915	0.3218562874251497	0.2625009354690186	0.24575984170449247	0.23561184249207398	0.481981981981982	0.2399103139013453	0.3203592814371258	0.26187002064252035	0.24530918825699374	0.2350860801366587	0.12387387387387387	0.06242905788876277	0.08301886792452831	0.0640571504646472	0.06021827177075188	0.056097570902814704	0.5023474178403756	0.2399103139013453	0.32473444613050073	0.27418719710425044	0.25040626652047604	0.24359755113526343	0.5023474178403756	0.2399103139013453	0.32473444613050073	0.27418719710425044	0.25040626652047604	0.24359755113526343	0.45539906103286387	0.22020431328036322	0.29686304514154555	0.2553761510339727	0.231872931236632	0.22535981794288798
SF_StaRAI20153	0.08630952380952381	0.032511210762331835	0.04723127035830618	0.03864821829849572	0.05717665615141953	0.0378783312048805	0.08630952380952381	0.032511210762331835	0.04723127035830618	0.03864821829849572	0.05717665615141953	0.0378783312048805	0.002976190476190476	0.0011273957158962795	0.0016353229762878167	0.00035050823694356793	0.0031545741324921126	0.0006309148264984224	0.2052980132450331	0.034753363228699555	0.05944391179290509	0.05487843737055093	0.06348580441640378	0.05179289690330699	0.2052980132450331	0.034753363228699555	0.05944391179290509	0.05487843737055093	0.06348580441640378	0.05179289690330699	0.17218543046357615	0.029312288613303268	0.05009633911368015	0.04567759615078229	0.05899053627760247	0.04560324008273535
SF_MSIIPL_THU4	0.057803468208092484	0.011210762331838564	0.018779342723004695	0.01919032597266035	0.015487456812377958	0.015389815232086526	0.005780346820809248	0.0011210762331838565	0.0018779342723004694	0.0010515247108307051	0.0010515247108307051	0.0010515247108307051	0.0	0.0	0.0	0.0	0.0	0.0	0.05917159763313609	0.011210762331838564	0.01885014137606032	0.021030494216614067	0.015487456812377958	0.016065795403334835	0.05325443786982249	0.010089686098654708	0.016965127238454288	0.017875920084121952	0.012332882679885842	0.01291122127084272	0.047337278106508875	0.009009009009009009	0.015137180700094607	0.016298633017875895	0.009178308547393736	0.01080817184918132
SF_MSIIPL_THU5	0.1069182389937107	0.01905829596412556	0.03235014272121788	0.03719768664563615	0.032914089065508634	0.029825747333633783	0.006289308176100629	0.001122334455667789	0.001904761904761905	0.0015772870662460559	0.0010515247108307051	0.0012618296529968453	0.0	0.0	0.0	0.0	0.0	0.0	0.11612903225806452	0.020179372197309416	0.034383954154727794	0.03995793901156678	0.036857306731123765	0.034497521406038734	0.1032258064516129	0.017957351290684626	0.030592734225621417	0.03522607781282856	0.03307181777213326	0.030441640378548896	0.0967741935483871	0.016891891891891893	0.028763183125599237	0.033648790746582516	0.029917243639641152	0.0283385909568875
SF_UGENT_IBCN4	0.27801268498942916	0.2948430493273543	0.28618063112078346	0.332140649053526	0.3318692707423773	0.30134997888268955	0.25792811839323465	0.27539503386004516	0.2663755458515284	0.329333208560061	0.3294576795918152	0.2989169565622306	0.11627906976744186	0.12585812356979406	0.12087912087912087	0.16759148113758815	0.169479635570655	0.15184580901565758	0.28056768558951967	0.2881165919282511	0.2842920353982301	0.3414598633914263	0.33270814084734485	0.30785968365940064	0.2718340611353712	0.2807215332581736	0.27620632279534113	0.3403059533798042	0.33181966741960917	0.3068880715623593	0.25436681222707425	0.265375854214123	0.2597547380156076	0.32019208432230245	0.3183126209018487	0.29133805179588906
SF_UGENT_IBCN2	0.345985401459854	0.265695067264574	0.300570703868104	0.3457668274869004	0.32779561753238634	0.3085896821847199	0.345985401459854	0.265695067264574	0.300570703868104	0.3457668274869004	0.32779561753238634	0.3085896821847199	0.14890510948905109	0.11670480549199085	0.13085311096856958	0.17398181310268304	0.1678868842306177	0.15586048432304445	0.3493975903614458	0.2600896860986547	0.29820051413881743	0.354218292637685	0.32867146709488815	0.3142049906228349	0.3493975903614458	0.2600896860986547	0.29820051413881743	0.354218292637685	0.32867146709488815	0.3142049906228349	0.3253012048192771	0.2460136674259681	0.2801556420233463	0.33332846291089707	0.31539177470094204	0.29852271937311536
KB_NYU5	0.5411392405063291	0.19170403587443946	0.2831125827814569	0.2433115517500377	0.21331270440701458	0.20868385063919645	0.5411392405063291	0.19170403587443946	0.2831125827814569	0.2433115517500377	0.21331270440701458	0.20868385063919645	0.06329113924050633	0.022650056625141562	0.03336113427856547	0.03773596715237095	0.03200390566321166	0.03126403915047453	0.5409836065573771	0.18497757847533633	0.2756892230576441	0.2365817936007212	0.20589569975026217	0.20326729342267644	0.5409836065573771	0.18497757847533633	0.2756892230576441	0.2365817936007212	0.20589569975026217	0.20326729342267644	0.47540983606557374	0.16421291053227632	0.24410774410774405	0.2196334685293676	0.19226261652866522	0.19005259713869596
KB_BBN3	0.44906166219839144	0.3755605381165919	0.409035409035409	0.3743738371686622	0.3690790617253882	0.34002530107863915	0.44235924932975873	0.37037037037037035	0.40317654245571166	0.36990396602499553	0.36465302632700164	0.3358031531092042	0.10455764075067024	0.09252669039145907	0.09817495280050345	0.10807986150929672	0.10984982770471732	0.10324374691395007	0.444743935309973	0.36995515695067266	0.4039167686658507	0.37009437341460993	0.363256379196684	0.33581151394826253	0.4420485175202156	0.3681257014590348	0.4017146356399265	0.3689893813456016	0.36164445366937525	0.33450390482078257	0.37601078167115903	0.32978723404255317	0.35138539042821154	0.33590542494752706	0.336893220763141	0.3083884877477515
KB_hltcoe2	0.4703476482617587	0.257847533632287	0.333091962346126	0.2573789983424988	0.2427134632609844	0.23391885219131034	0.4621676891615542	0.2533632286995516	0.3272990586531499	0.2494925630112682	0.2358546543517026	0.22679477227543232	0.11247443762781185	0.06242905788876277	0.08029197080291971	0.07052386760432623	0.06818153351913912	0.06452826940667199	0.49673202614379086	0.2556053811659193	0.3375277572168764	0.26782474904817544	0.24697329810975033	0.2413646006424188	0.49673202614379086	0.2556053811659193	0.3375277572168764	0.26782474904817544	0.24697329810975033	0.2413646006424188	0.42701525054466233	0.2224744608399546	0.2925373134328358	0.24506048592593657	0.2258686814386188	0.22023180037959936
SF_Stanford4	0.5958904109589042	0.19506726457399104	0.2939189189189189	0.30000625907565975	0.23690461931426693	0.24128313859784692	0.5958904109589042	0.19506726457399104	0.2939189189189189	0.30000625907565975	0.23690461931426693	0.24128313859784692	0.3972602739726027	0.13257142857142856	0.19880034275921163	0.21514320765109396	0.16735911694459082	0.17314418852119057	0.6048951048951049	0.19394618834080718	0.2937181663837012	0.30486455360272385	0.23750916723742718	0.24446509509210618	0.6048951048951049	0.19394618834080718	0.2937181663837012	0.30486455360272385	0.23750916723742718	0.24446509509210618	0.5874125874125874	0.1917808219178082	0.2891566265060241	0.29976966601572286	0.23726586588587406	0.2424813715509831
SF_IITD_20151	0.546875	0.03923766816143498	0.07322175732217573	0.07931500675980173	0.06432838980157587	0.06480396575033805	0.171875	0.01233183856502242	0.02301255230125523	0.02181913774973711	0.018664563617245004	0.019015071854188586	0.171875	0.01233183856502242	0.02301255230125523	0.02181913774973711	0.018664563617245004	0.019015071854188586	0.5862068965517241	0.03811659192825112	0.07157894736842105	0.07965299684542591	0.06327686509074523	0.06441840668970011	0.5862068965517241	0.03811659192825112	0.07157894736842105	0.07965299684542591	0.06327686509074523	0.06441840668970011	0.5862068965517241	0.03811659192825112	0.07157894736842105	0.07965299684542591	0.06327686509074523	0.06441840668970011
KB_UMass_IESL2	0.2256586483390607	0.22085201793721973	0.22322946175637395	0.2290067153448001	0.23728187198566675	0.20774504413817876	0.21878579610538373	0.2141255605381166	0.21643059490084987	0.21765024846782852	0.23069732439165552	0.19996544821607032	0.027491408934707903	0.02745995423340961	0.027475672581568404	0.019917160352040924	0.02006902140971541	0.014510516672405637	0.22415795586527293	0.2163677130044843	0.2201939532230462	0.2303694220661323	0.2302474106530982	0.20436774848287775	0.22415795586527293	0.2163677130044843	0.2201939532230462	0.2303694220661323	0.2302474106530982	0.20436774848287775	0.1951219512195122	0.19156214367160776	0.19332566168009205	0.20069948292683762	0.2004564899222091	0.17773545842439675
KB_UMass_IESL3	0.2542087542087542	0.16928251121076232	0.2032301480484522	0.2161081762225295	0.21333023394514394	0.19113423018634682	0.2542087542087542	0.16928251121076232	0.2032301480484522	0.2161081762225295	0.21333023394514394	0.19113423018634682	0.03198653198653199	0.021739130434782608	0.025885558583106268	0.021944347713275154	0.021323418957488356	0.01841300054750652	0.2542955326460481	0.16591928251121077	0.20081411126187246	0.2250658946439704	0.20853965123658014	0.1931187368134176	0.2542955326460481	0.16591928251121077	0.20081411126187246	0.2250658946439704	0.20853965123658014	0.1931187368134176	0.21649484536082475	0.14367160775370583	0.17272104180945855	0.19733887519770807	0.17908655312440788	0.1670727012976522
LDC	0.8703170028818443	0.33856502242152464	0.4874899112187247	0.871451104100946	0.6357565406474734	0.6829643836471584	0.12094395280235988	0.04898446833930705	0.06972789115646259	0.12405609492988127	0.09217373780480581	0.0993863741436557	0.12094395280235988	0.04898446833930705	0.06972789115646259	0.12405609492988127	0.09217373780480581	0.0993863741436557	0.8472622478386167	0.3295964125560538	0.4745762711864407	0.8509463722397476	0.6253696574391268	0.6718677052281571	0.5988200589970502	0.24166666666666667	0.3443596268023749	0.5968176914778858	0.42757075367914255	0.4617346407637668	0.5988200589970502	0.24166666666666667	0.3443596268023749	0.5968176914778858	0.42757075367914255	0.4617346407637668
SF_UMass_IESL2	0.18859649122807018	0.24103139013452915	0.21161417322834644	0.22058782499942278	0.28103758843826326	0.21488449412007965	0.17894736842105263	0.22895622895622897	0.20088626292466766	0.20762052177035445	0.26286469362313436	0.20155057048799802	0.02982456140350877	0.038901601830663615	0.033763654419066536	0.03622848153333306	0.049563937868011367	0.03604315855893141	0.21923474663908996	0.23766816143497757	0.2280796126949973	0.2570447923013091	0.2833023429204981	0.23953590836805436	0.21820062047569805	0.2365470852017937	0.2270037654653039	0.256847631418028	0.28172505585425184	0.23918540013111098	0.1954498448810755	0.21550741163055873	0.20498915401301518	0.23550063660888818	0.26358497691065236	0.22144324137542665
SF_UMass_IESL5	0.3093145869947276	0.19730941704035873	0.2409308692676249	0.22858954461756467	0.23338308164940877	0.20547016180021038	0.30404217926186294	0.19394618834080718	0.23682409308692678	0.221754633997165	0.22602240867359366	0.19845999706133888	0.04569420035149385	0.029748283752860413	0.03603603603603604	0.029058498459129358	0.0375587243643752	0.029500624679071837	0.360082304526749	0.1961883408071749	0.2539912917271408	0.26504088167662126	0.23399323107195377	0.2266307224302042	0.360082304526749	0.1961883408071749	0.2539912917271408	0.26504088167662126	0.23399323107195377	0.2266307224302042	0.3168724279835391	0.17559863169897377	0.2259721203228173	0.23847050147848034	0.21255837470108496	0.20563440878872177
SF_BUPT_PRIS4	0.15372168284789645	0.10650224215246637	0.12582781456953643	0.11215262130088624	0.151147950325185	0.1131899609503577	0.15372168284789645	0.10650224215246637	0.12582781456953643	0.11215262130088624	0.151147950325185	0.1131899609503577	0.0016181229773462784	0.0011494252873563218	0.0013440860215053765	0.0006309148264984225	0.003154574132492111	0.0010515247108307051	0.17218543046357615	0.11659192825112108	0.13903743315508021	0.1265059336037254	0.16981251394243	0.12771927430329807	0.17218543046357615	0.11659192825112108	0.13903743315508021	0.1265059336037254	0.16981251394243	0.12771927430329807	0.13410596026490065	0.09310344827586207	0.10990502035278155	0.10034550097641581	0.1482025959700389	0.10728985316107235
KB_hltcoe3	0.4750542299349241	0.24551569506726456	0.3237250554323725	0.2778981477905209	0.25761339299022046	0.2492446652505747	0.47288503253796094	0.24439461883408073	0.3222468588322247	0.2747435736580289	0.2544588188577284	0.24609009111808255	0.12364425162689804	0.06469920544835414	0.08494783904619971	0.06699311215455202	0.0643168283141034	0.05978440208417156	0.4966292134831461	0.24775784753363228	0.3305908750934929	0.29068543773498323	0.26594015429411116	0.2588785893035071	0.4966292134831461	0.24775784753363228	0.3305908750934929	0.29068543773498323	0.26594015429411116	0.2588785893035071	0.449438202247191	0.22701475595913734	0.30165912518853694	0.2687129894496752	0.24582953194402143	0.2385370436091284
SF_BUPT_PRIS3	0.2768115942028985	0.2141255605381166	0.24146649810366624	0.23465604672229273	0.28751587438398296	0.23052832060554396	0.27391304347826084	0.21188340807174888	0.23893805309734514	0.2283468984573084	0.2827840131852447	0.22527069705139047	0.013043478260869565	0.010344827586206896	0.011538461538461537	0.0078113264233138	0.01301117389445466	0.008495406574827617	0.28699551569506726	0.21524663677130046	0.24599615631005767	0.24491785816706968	0.2970959646775882	0.24107066424005602	0.28550074738415543	0.2141255605381166	0.2447149263292761	0.24176328403457756	0.29394139054509594	0.237916090107564	0.24663677130044842	0.1896551724137931	0.21442495126705652	0.19872587979843515	0.26221277040953556	0.20204605407979934
SF_ZJU_DCD_SF1	0.12641083521444696	0.06278026905829596	0.08389513108614231	0.08810900806168942	0.08724557571581477	0.06966992008772338	0.04966139954853273	0.02480270574971815	0.0330827067669173	0.038275499474237626	0.046139402133093	0.034988232937759774	0.01805869074492099	0.00903954802259887	0.012048192771084336	0.008885383806519449	0.018401682439537333	0.01015472435030794	0.12984054669703873	0.06390134529147982	0.08564988730277988	0.0918844824996244	0.09500057045819123	0.07490481476023374	0.11845102505694761	0.05849268841394826	0.0783132530120482	0.0802125582094036	0.08855998160435315	0.06720904050294525	0.11617312072892938	0.05749718151071026	0.07692307692307691	0.07705798407691149	0.08698269453810709	0.06510599108128384
KB_ICTCAS_OKN4	0.6666666666666666	0.004484304932735426	0.008908685968819599	0.01104100946372241	0.005708277001652395	0.006046267087276555	0.6666666666666666	0.004484304932735426	0.008908685968819599	0.01104100946372241	0.005708277001652395	0.006046267087276555	0.16666666666666666	0.0011210762331838565	0.0022271714922048997	0.0031545741324921117	0.0010515247108307054	0.0015772870662460559	0.6666666666666666	0.004484304932735426	0.008908685968819599	0.01104100946372241	0.005708277001652395	0.006046267087276555	0.6666666666666666	0.004484304932735426	0.008908685968819599	0.01104100946372241	0.005708277001652395	0.006046267087276555	0.6666666666666666	0.004484304932735426	0.008908685968819599	0.01104100946372241	0.005708277001652395	0.006046267087276555
SF_CMUML3	0.5	0.007847533632286996	0.01545253863134658	0.018927444794952692	0.011153672825597117	0.012092534174553108	0.42857142857142855	0.006726457399103139	0.013245033112582781	0.015772870662460574	0.01070301937809824	0.011303890641430073	0.0	0.0	0.0	0.0	0.0	0.0	0.7	0.007847533632286996	0.015521064301552107	0.022082018927444786	0.011153672825597117	0.013354363827549943	0.7	0.007847533632286996	0.015521064301552107	0.022082018927444786	0.011153672825597117	0.013354363827549943	0.6	0.006734006734006734	0.013318534961154274	0.018927444794952678	0.009576385759351057	0.011251314405888533
KB_hltcoe4	0.4691848906560636	0.2645739910313901	0.33835125448028674	0.2639323348109486	0.2511491324813542	0.24028654404656535	0.46520874751491054	0.2623318385650224	0.33548387096774196	0.2617241329182043	0.2496469543230243	0.238498952038153	0.11530815109343936	0.06583427922814983	0.0838150289017341	0.06988688381245134	0.06918460087002379	0.06450622704935197	0.4936440677966102	0.26121076233183854	0.34164222873900285	0.27077824015034563	0.2538316802638739	0.24578223965049736	0.4936440677966102	0.26121076233183854	0.34164222873900285	0.27077824015034563	0.2538316802638739	0.24578223965049736	0.423728813559322	0.22701475595913734	0.2956393200295639	0.2448905966843412	0.23115295654074278	0.22255726876990103
SF_UGENT_IBCN1	0.345985401459854	0.265695067264574	0.300570703868104	0.3457668274869004	0.32779561753238634	0.3085896821847199	0.345985401459854	0.265695067264574	0.300570703868104	0.3457668274869004	0.32779561753238634	0.3085896821847199	0.14890510948905109	0.11670480549199085	0.13085311096856958	0.17398181310268304	0.1678868842306177	0.15586048432304445	0.3493975903614458	0.2600896860986547	0.29820051413881743	0.354218292637685	0.32867146709488815	0.3142049906228349	0.3493975903614458	0.2600896860986547	0.29820051413881743	0.354218292637685	0.32867146709488815	0.3142049906228349	0.3253012048192771	0.2460136674259681	0.2801556420233463	0.33332846291089707	0.31539177470094204	0.29852271937311536
SF_BUPT_PRIS2	0.15372168284789645	0.10650224215246637	0.12582781456953643	0.11215262130088624	0.151147950325185	0.1131899609503577	0.15372168284789645	0.10650224215246637	0.12582781456953643	0.11215262130088624	0.151147950325185	0.1131899609503577	0.0016181229773462784	0.0011494252873563218	0.0013440860215053765	0.0006309148264984225	0.003154574132492111	0.0010515247108307051	0.17218543046357615	0.11659192825112108	0.13903743315508021	0.1265059336037254	0.16981251394243	0.12771927430329807	0.17218543046357615	0.11659192825112108	0.13903743315508021	0.1265059336037254	0.16981251394243	0.12771927430329807	0.13410596026490065	0.09310344827586207	0.10990502035278155	0.10034550097641581	0.1482025959700389	0.10728985316107235
KB_SAFT_ISI1	0.3973509933774834	0.06726457399103139	0.11505273250239692	0.0952802717786945	0.0888545023356677	0.08248570629330285	0.10596026490066225	0.017957351290684626	0.03071017274472169	0.02733694626439106	0.01937216859182657	0.02001210578868771	0.10596026490066225	0.017957351290684626	0.03071017274472169	0.02733694626439106	0.01937216859182657	0.02001210578868771	0.472	0.06614349775784753	0.11602753195673549	0.10257999098693098	0.08806585880254461	0.08553116179299144	0.456	0.06397306397306397	0.11220472440944881	0.10060838215412342	0.08716099411717194	0.08429603752947604	0.456	0.06397306397306397	0.11220472440944881	0.10060838215412342	0.08716099411717194	0.08429603752947604
SF_ZJU_DCD_SF2	0.13709677419354838	0.05717488789237668	0.08069620253164556	0.11156677181913778	0.0846580766092735	0.08295956409521071	0.06182795698924731	0.025842696629213482	0.03645007923930269	0.05336487907465827	0.046139402133093	0.043948725652195694	0.021505376344086023	0.00903954802259887	0.012728719172633254	0.020767613038906427	0.015247108307045227	0.016734264683791508	0.15027322404371585	0.061659192825112105	0.08744038155802861	0.11787592008412191	0.0972763731392419	0.09137176178185638	0.1366120218579235	0.056179775280898875	0.07961783439490445	0.10657202944269197	0.09413880896530742	0.08697811827149371	0.13387978142076504	0.0552423900789177	0.0782122905027933	0.10341745531019986	0.09256152189906137	0.0848750688498323
KB_BBN5	0.4917293233082707	0.3665919282511211	0.42003853564547206	0.3750939996137574	0.3524138895385514	0.3348265617187369	0.43609022556390975	0.3254769921436588	0.37275064267352187	0.3292209380819707	0.31124204296797586	0.29433304642325836	0.12481203007518797	0.09845788849347568	0.11007957559681698	0.11812300576911239	0.1152481929216945	0.11009184518948402	0.48484848484848486	0.35874439461883406	0.41237113402061853	0.371851827632585	0.3465434104320825	0.33086046689646154	0.4772727272727273	0.35353535353535354	0.40618955512572535	0.3660684417230159	0.34113642257241283	0.32569297403180786	0.4121212121212121	0.3215130023640662	0.3612217795484728	0.33401693819674916	0.31959302183833654	0.30196157354828707
KB_hltcoe5	0.47326732673267324	0.2679372197309417	0.3421617752326413	0.2709475818795366	0.2589718390422307	0.2479515260512639	0.4693069306930693	0.265695067264574	0.33929849677881174	0.26996615881609465	0.258070532147233	0.24703144192928736	0.11683168316831684	0.06696935300794551	0.08513708513708514	0.07363189697418525	0.07233917500251591	0.06784756080449161	0.4957983193277311	0.2645739910313901	0.34502923976608185	0.2766883057508485	0.26112862446933555	0.2522424245707062	0.4957983193277311	0.2645739910313901	0.34502923976608185	0.2766883057508485	0.26112862446933555	0.2522424245707062	0.4264705882352941	0.2304199772985244	0.2991893883566691	0.2508038820321085	0.23844990074620417	0.22901720350527005
SF_UWashington1	0.4684014869888476	0.1412556053811659	0.21705426356589147	0.1772121996249402	0.15173891066492712	0.15179149660518254	0.4684014869888476	0.1412556053811659	0.21705426356589147	0.1772121996249402	0.15173891066492712	0.15179149660518254	0.1412639405204461	0.04293785310734463	0.0658578856152513	0.06500675980171243	0.05995893564899873	0.0577175350594635	0.4844961240310077	0.14013452914798205	0.21739130434782605	0.1839986528853935	0.15095124378014216	0.15507674332737634	0.4844961240310077	0.14013452914798205	0.21739130434782605	0.1839986528853935	0.15095124378014216	0.15507674332737634	0.4186046511627907	0.12203389830508475	0.1889763779527559	0.1673462811399111	0.1371394078540581	0.14032887953267364
